737335,20181003,    27,  1,   3,    16, -1,   2
737335,20181003,    30,  1,   7,     3, -1,   0
737335,20181003,    28,  1,   5,     5, -1,   2
737335,20181003,     1, -1,   5,    24,  1,   2
737336,20181004,     3, -1,   4,     4,  1,   0
737336,20181004,    19, -1,   2,     6,  1,   1
737336,20181004,    23,  1,   7,    30, -1,   6
737336,20181004,     9, -1,   3,    11,  1,   2
737336,20181004,    17, -1,   3,    20,  1,   2
737336,20181004,     7, -1,   4,    21,  1,   3
737336,20181004,    31, -1,   5,    25,  1,   1
737336,20181004,    10,  1,   3,     2, -1,   0
737336,20181004,     8,  1,   4,    15, -1,   1
737336,20181004,    22, -1,   5,    29,  1,   2
737337,20181005,     6, -1,   3,     9,  1,   1
737337,20181005,    24, -1,   3,    14,  1,   2
737338,20181006,    18,  0,   5,    12,  0,   2
737338,20181006,     4,  1,   3,    20, -1,   1
737338,20181006,    10,  1,   5,    31, -1,   1
737338,20181006,    17, -1,   4,    19,  1,   3
737338,20181006,    16, -1,   5,    23,  1,   1
737338,20181006,    26,  1,   2,    13, -1,   1
737338,20181006,    21, -1,   5,    27,  1,   3
737338,20181006,    29, -1,   2,    15,  1,   1
737338,20181006,     7, -1,   5,    25,  1,   4
737338,20181006,     1, -1,   1,     2,  1,   0
737338,20181006,     8,  1,   5,    22, -1,   2
737338,20181006,     5,  1,   7,    28, -1,   4
737339,20181007,     6,  1,   8,    20, -1,   5
737339,20181007,    27, -1,   7,     7,  1,   6
737339,20181007,    14,  1,   4,    11, -1,   2
737340,20181008,     3,  1,   6,    21, -1,   3
737340,20181008,    19,  1,   4,    24, -1,   0
737340,20181008,     4,  1,   4,    29, -1,   2
737340,20181008,     1,  1,   3,    11, -1,   2
737341,20181009,     6,  1,   5,    28, -1,   3
737341,20181009,     9,  1,   5,     8, -1,   2
737341,20181009,    24, -1,   8,    22,  1,   2
737341,20181009,     5, -1,   3,    17,  1,   0
737341,20181009,    31,  1,   2,    14, -1,   1
737341,20181009,    27, -1,   7,    10,  1,   4
737342,20181010,    22, -1,   7,    21,  1,   4
737342,20181010,    30,  1,   5,    29, -1,   2
737342,20181010,     2, -1,   3,     1,  1,   2
737343,20181011,     3,  1,   4,    12, -1,   1
737343,20181011,     8, -1,   6,     4,  1,   1
737343,20181011,     9, -1,   5,    13,  1,   4
737343,20181011,    18,  1,   6,    30, -1,   0
737343,20181011,    20,  1,   3,    24, -1,   2
737343,20181011,    23,  1,   4,    29, -1,   2
737343,20181011,    27, -1,   5,    11,  1,   3
737343,20181011,    14, -1,   3,    16,  1,   0
737343,20181011,    28, -1,   4,    26,  1,   1
737343,20181011,    15,  1,   4,     7, -1,   3
737343,20181011,    17,  1,   3,    31, -1,   0
737343,20181011,    25,  1,   5,     5, -1,   3
737345,20181013,    12, -1,   2,    20,  1,   1
737345,20181013,    29, -1,   1,    22,  1,   0
737345,20181013,    21,  1,   5,    14, -1,   1
737345,20181013,     6, -1,   5,    15,  1,   4
737345,20181013,     3,  1,   8,    11, -1,   2
737345,20181013,    28, -1,   3,    13,  1,   2
737345,20181013,    16,  1,   4,    23, -1,   3
737345,20181013,    26,  1,   8,     9, -1,   2
737345,20181013,    27, -1,   4,    30,  1,   2
737345,20181013,    10,  1,   5,     1, -1,   3
737345,20181013,    17,  1,   5,    19, -1,   2
737345,20181013,     7,  1,   4,    25, -1,   3
737345,20181013,     4, -1,   3,     2,  1,   0
737345,20181013,     5, -1,   3,     8,  1,   2
737346,20181014,    18,  1,   3,    24, -1,   2
737346,20181014,     1, -1,   3,    25,  1,   2
737346,20181014,    31,  1,   3,     6, -1,   1
737347,20181015,    16,  1,   7,    11, -1,   3
737347,20181015,    21,  1,   4,    10, -1,   1
737347,20181015,    27,  1,   4,    14, -1,   1
737347,20181015,    17,  1,   4,    15, -1,   2
737348,20181016,    18,  1,   3,    10, -1,   0
737348,20181016,    20,  1,   3,     8, -1,   2
737348,20181016,    22,  1,   6,    13, -1,   5
737348,20181016,    28, -1,   3,    23,  1,   2
737348,20181016,    26,  1,   4,     6, -1,   2
737348,20181016,    15,  1,   2,     2, -1,   1
737348,20181016,    12, -1,   5,    31,  1,   4
737348,20181016,    29,  1,   4,     4, -1,   1
737349,20181017,    16,  1,   3,    25, -1,   2
737349,20181017,    30,  1,   4,    20, -1,   3
737349,20181017,     5,  1,   5,     3, -1,   2
737349,20181017,     1,  1,   4,    19, -1,   1
737350,20181018,     9,  1,   6,    22, -1,   3
737350,20181018,     8, -1,   5,    18,  1,   3
737350,20181018,    23, -1,   3,    27,  1,   0
737350,20181018,    26,  1,   3,    11, -1,   1
737350,20181018,    31,  1,   4,    28, -1,   1
737350,20181018,     2, -1,   4,     7,  1,   1
737350,20181018,    12,  1,   3,     3, -1,   2
737350,20181018,    19, -1,   7,    14,  1,   2
737350,20181018,    24,  1,   5,     4, -1,   1
737351,20181019,    13, -1,   6,    30,  1,   5
737351,20181019,    15, -1,   3,    10,  1,   1
737351,20181019,    17, -1,   5,     5,  1,   3
737352,20181020,     8, -1,   3,     6,  1,   1
737352,20181020,    22,  1,   5,    18, -1,   2
737352,20181020,    31,  1,   5,     2, -1,   3
737352,20181020,     4, -1,   5,    14,  1,   1
737352,20181020,     7, -1,   4,     9,  1,   1
737352,20181020,    11, -1,   4,    13,  1,   3
737352,20181020,    21,  1,   4,    16, -1,   3
737352,20181020,    25, -1,   4,    27,  1,   1
737352,20181020,    15,  1,   5,    26, -1,   4
737352,20181020,    17, -1,   3,    12,  1,   0
737352,20181020,    28,  1,   2,     3, -1,   1
737352,20181020,    29,  1,   3,     1, -1,   1
737352,20181020,    24,  1,   4,    19, -1,   1
737353,20181021,    26, -1,   6,     7,  1,   3
737353,20181021,     5, -1,   4,    20,  1,   1
737353,20181021,     4, -1,   4,     1,  1,   2
737354,20181022,     8, -1,   4,    22,  1,   1
737354,20181022,     6, -1,   3,    11,  1,   1
737354,20181022,    31,  1,   5,    25, -1,   4
737354,20181022,    30, -1,   5,    28,  1,   2
737355,20181023,     2, -1,   4,     9,  1,   1
737355,20181023,    20,  1,   5,    13, -1,   2
737355,20181023,    16,  1,   3,     5, -1,   2
737355,20181023,     3, -1,   4,    21,  1,   1
737355,20181023,    24, -1,   5,    17,  1,   4
737355,20181023,     7,  1,   3,     1, -1,   1
737355,20181023,    10,  1,   4,    14, -1,   2
737355,20181023,    23, -1,   6,    12,  1,   5
737356,20181024,    13, -1,   3,    19,  1,   2
737356,20181024,    27, -1,   4,    31,  1,   2
737356,20181024,    26, -1,   1,     8,  1,   0
737356,20181024,    28, -1,   3,    29,  1,   2
737357,20181025,     3,  1,   3,    22, -1,   0
737357,20181025,     4,  1,   4,    16, -1,   3
737357,20181025,    17, -1,   4,    18,  1,   3
737357,20181025,    15,  1,   4,    14, -1,   1
737357,20181025,     9, -1,   7,    25,  1,   4
737357,20181025,     7,  1,   4,    20, -1,   1
737357,20181025,    10,  1,   5,     1, -1,   2
737357,20181025,    23, -1,   9,     5,  1,   1
737357,20181025,    12,  1,   4,    30, -1,   1
737357,20181025,     2,  1,   4,    28, -1,   1
737358,20181026,    26, -1,   3,    29,  1,   2
737358,20181026,     6,  1,   4,    24, -1,   3
737358,20181026,    31, -1,   2,    11,  1,   1
737358,20181026,     8,  1,   6,    21, -1,   3
737359,20181027,    18,  1,   3,    13, -1,   2
737359,20181027,    19, -1,   6,    22,  1,   1
737359,20181027,    12, -1,   5,    17,  1,   3
737359,20181027,    30, -1,   4,     5,  1,   3
737359,20181027,    16, -1,   3,     3,  1,   0
737359,20181027,     9,  1,   5,     4, -1,   4
737359,20181027,    27,  1,   3,    31, -1,   2
737359,20181027,    15,  1,   3,     8, -1,   2
737359,20181027,    25,  1,   7,     7, -1,   3
737359,20181027,     2,  1,   7,    26, -1,   1
737359,20181027,    23, -1,   5,    28,  1,   0
737360,20181028,    14,  1,   4,    20, -1,   3
737360,20181028,    19, -1,   2,     6,  1,   1
737360,20181028,    11,  1,   4,    10, -1,   2
737360,20181028,    12, -1,   2,     7,  1,   1
737360,20181028,    24, -1,   4,     1,  1,   3
737360,20181028,    29,  1,   4,    21, -1,   3
737361,20181029,     5, -1,   3,    27,  1,   1
737361,20181029,    28,  1,   5,    15, -1,   2
737362,20181030,     5, -1,   2,     4,  1,   1
737362,20181030,     3, -1,   3,     6,  1,   2
737362,20181030,    11, -1,   5,     9,  1,   3
737362,20181030,    19, -1,   6,    23,  1,   3
737362,20181030,    10, -1,   4,    16,  1,   1
737362,20181030,    26,  1,   8,    18, -1,   3
737362,20181030,    17,  1,   4,    29, -1,   1
737362,20181030,    15, -1,   4,    12,  1,   3
737362,20181030,    22, -1,   3,     1,  1,   2
737362,20181030,     2,  1,   5,    21, -1,   1
737362,20181030,    20, -1,   4,    24,  1,   3
737363,20181031,    28,  1,   4,     7, -1,   2
737364,20181101,    31,  0,   4,    13,  0,   2
737364,20181101,    19,  1,   3,    23, -1,   2
737364,20181101,    10, -1,   2,    27,  1,   1
737364,20181101,    11,  1,   4,    18, -1,   3
737364,20181101,    16,  1,   6,    30, -1,   4
737364,20181101,    21,  1,   4,     4, -1,   2
737364,20181101,    17, -1,   4,    26,  1,   1
737364,20181101,    25,  1,   5,    29, -1,   3
737364,20181101,     5,  1,   6,     8, -1,   5
737364,20181101,    12,  1,   4,     7, -1,   0
737364,20181101,    20, -1,   3,     1,  1,   2
737364,20181101,    22, -1,   5,    14,  1,   2
737364,20181101,     9, -1,   4,    24,  1,   1
737365,20181102,     2,  1,   4,     6, -1,   3
737365,20181102,    28,  1,   7,     8, -1,   6
737365,20181102,    13,  0,   4,    31,  0,   2
737366,20181103,     4,  1,   9,    21, -1,   2
737366,20181103,    12, -1,   4,    11,  1,   3
737366,20181103,    26, -1,   4,    16,  1,   1
737366,20181103,    19,  1,   3,    18, -1,   0
737366,20181103,    27, -1,   5,    23,  1,   0
737366,20181103,    10, -1,   4,    30,  1,   3
737366,20181103,    17,  1,   1,     3, -1,   0
737366,20181103,    15, -1,   5,    25,  1,   1
737366,20181103,     5,  1,   5,     7, -1,   3
737366,20181103,    29,  1,   3,     6, -1,   0
737366,20181103,    14,  1,   4,     9, -1,   1
737366,20181103,    24,  1,   4,    22, -1,   3
737367,20181104,    20,  1,   3,     4, -1,   1
737367,20181104,    26, -1,   4,    21,  1,   3
737367,20181104,     1,  1,   3,     9, -1,   2
737368,20181105,     3,  1,   2,    10, -1,   1
737368,20181105,    16, -1,   4,    19,  1,   3
737368,20181105,    18, -1,   5,    23,  1,   1
737368,20181105,    30,  1,   4,    12, -1,   2
737368,20181105,    22, -1,   5,     2,  1,   2
737369,20181106,     9,  1,   4,    10, -1,   1
737369,20181106,    20,  1,   5,    16, -1,   3
737369,20181106,    27,  1,   3,    29, -1,   1
737369,20181106,    11,  1,   3,    28, -1,   2
737369,20181106,    21,  1,   7,    18, -1,   3
737369,20181106,    26,  1,   5,    12, -1,   2
737369,20181106,    25,  1,   4,     6, -1,   1
737369,20181106,    14,  1,   4,     1, -1,   1
737369,20181106,    24,  1,   4,    15, -1,   3
737370,20181107,    30,  1,   2,    23, -1,   1
737370,20181107,    17, -1,   4,     8,  1,   1
737370,20181107,     1,  1,   3,     5, -1,   2
737371,20181108,    28, -1,   8,     3,  1,   5
737371,20181108,    13,  1,   4,    12, -1,   1
737371,20181108,    22,  1,   5,     2, -1,   4
737371,20181108,     4, -1,   6,    16,  1,   5
737371,20181108,    29, -1,   5,    21,  1,   3
737371,20181108,    26,  1,   4,    19, -1,   2
737371,20181108,     6, -1,   4,     7,  1,   3
737371,20181108,    10,  1,   4,    24, -1,   3
737371,20181108,    15, -1,   3,    14,  1,   1
737372,20181109,    27,  1,   6,    18, -1,   1
737372,20181109,     9, -1,   2,    30,  1,   1
737372,20181109,    11,  1,   3,    20, -1,   2
737372,20181109,    25,  1,   4,    24, -1,   0
737372,20181109,    31,  1,   5,     8, -1,   2
737372,20181109,    15, -1,   5,     1,  1,   1
737373,20181110,     4,  1,   4,    28, -1,   3
737373,20181110,    22,  1,   4,     7, -1,   0
737373,20181110,    17, -1,   5,    10,  1,   4
737373,20181110,     3,  1,   5,    27, -1,   1
737373,20181110,    11, -1,   4,     6,  1,   3
737373,20181110,    20, -1,   5,     9,  1,   4
737373,20181110,    13,  1,   4,    19, -1,   2
737373,20181110,    16,  1,   5,    29, -1,   4
737373,20181110,    23,  1,   4,     2, -1,   0
737373,20181110,    21, -1,   6,    26,  1,   4
737373,20181110,     5, -1,   1,    14,  1,   0
737374,20181111,    15, -1,   3,    25,  1,   2
737374,20181111,    13,  1,   5,    21, -1,   1
737374,20181111,     2, -1,   4,    30,  1,   1
737374,20181111,     3,  1,   4,    29, -1,   1
737374,20181111,    31,  1,   5,    18, -1,   2
737374,20181111,    24,  1,   3,     5, -1,   1
737374,20181111,     8, -1,   4,    12,  1,   1
737375,20181112,     6,  1,   3,     7, -1,   2
737375,20181112,    20,  1,   2,    28, -1,   1
737375,20181112,     9, -1,   2,    10,  1,   1
737375,20181112,     1,  1,   2,    17, -1,   1
737376,20181113,     4,  1,   2,    26, -1,   1
737376,20181113,    18,  1,   4,    23, -1,   2
737376,20181113,    19,  1,   5,    28, -1,   2
737376,20181113,    13, -1,   2,    22,  1,   1
737376,20181113,    11,  1,   6,     2, -1,   1
737376,20181113,    30, -1,   5,    15,  1,   2
737376,20181113,    12,  1,   6,    16, -1,   2
737376,20181113,    27, -1,   5,    14,  1,   1
737376,20181113,    24,  1,   5,    17, -1,   4
737377,20181114,     7,  1,   1,    25, -1,   0
737377,20181114,    31,  1,   3,    30, -1,   1
737377,20181114,     8,  1,   6,     3, -1,   3
737377,20181114,    29,  1,   5,     1, -1,   0
737378,20181115,     9,  1,   7,    13, -1,   3
737378,20181115,    19,  1,   7,    20, -1,   5
737378,20181115,    18, -1,   3,    22,  1,   0
737378,20181115,    26, -1,   4,    23,  1,   3
737378,20181115,    21,  1,   2,    11, -1,   1
737378,20181115,    15,  1,   6,    28, -1,   2
737378,20181115,     2,  1,   2,    17, -1,   1
737378,20181115,    16, -1,   3,     5,  1,   2
737378,20181115,    27, -1,   5,    24,  1,   3
737379,20181116,    10,  1,   1,     3, -1,   0
737379,20181116,     4, -1,   2,    31,  1,   1
737379,20181116,    14, -1,   2,     7,  1,   1
737379,20181116,    30, -1,   3,     8,  1,   2
737379,20181116,    27, -1,   2,     1,  1,   1
737379,20181116,    25, -1,   4,    29,  1,   1
737380,20181117,    11, -1,   3,    18,  1,   2
737380,20181117,    26, -1,   6,    22,  1,   5
737380,20181117,     4, -1,   3,    15,  1,   2
737380,20181117,     9, -1,   4,     6,  1,   1
737380,20181117,    20,  1,   4,    13, -1,   2
737380,20181117,    21,  1,   6,    23, -1,   4
737380,20181117,    16, -1,   3,    28,  1,   2
737380,20181117,     3, -1,   2,     2,  1,   1
737380,20181117,    17,  1,   5,    14, -1,   3
737380,20181117,     5,  1,   4,    12, -1,   2
737380,20181117,    24,  1,   4,    25, -1,   0
737381,20181118,    10, -1,   6,    19,  1,   2
737381,20181118,     6,  1,   2,    18, -1,   1
737381,20181118,     7,  1,   3,    15, -1,   1
737381,20181118,     8, -1,   4,     1,  1,   3
737381,20181118,    29, -1,   6,    12,  1,   3
737382,20181119,    20,  1,   2,    10, -1,   1
737382,20181119,     4, -1,   5,    23,  1,   4
737382,20181119,    27,  1,   4,     9, -1,   2
737382,20181119,    30, -1,   5,    16,  1,   4
737382,20181119,    13, -1,   7,    21,  1,   5
737382,20181119,    17,  1,   3,    26, -1,   2
737382,20181119,    14, -1,   2,    25,  1,   0
737382,20181119,     5,  1,   7,    29, -1,   2
737382,20181119,    31, -1,   6,    28,  1,   3
737383,20181120,    12, -1,   4,    24,  1,   3
737384,20181121,     4,  1,   5,    22, -1,   2
737384,20181121,     6,  1,   5,    27, -1,   2
737384,20181121,    18,  1,   5,    16, -1,   2
737384,20181121,    20,  1,   5,    19, -1,   0
737384,20181121,    23,  1,   5,    10, -1,   1
737384,20181121,    30,  1,   4,     7, -1,   2
737384,20181121,    11,  1,   3,     3, -1,   2
737384,20181121,    26,  1,   7,    13, -1,   3
737384,20181121,    15,  1,   6,    21, -1,   4
737384,20181121,    17,  1,   4,    25, -1,   1
737384,20181121,    29, -1,   3,     2,  1,   2
737384,20181121,     1,  1,   4,    28, -1,   3
737384,20181121,     5,  1,   6,    31, -1,   3
737384,20181121,     8, -1,   7,    14,  1,   3
737386,20181123,    22,  1,   4,    20, -1,   0
737386,20181123,     1,  1,   2,    12, -1,   1
737386,20181123,     4,  1,   3,    16, -1,   2
737386,20181123,    15,  1,   4,    31, -1,   2
737386,20181123,    19, -1,   4,    18,  1,   3
737386,20181123,    30,  1,   3,    11, -1,   1
737386,20181123,    29,  1,   2,     5, -1,   0
737386,20181123,     9,  1,   4,    27, -1,   2
737386,20181123,     3,  1,   2,    23, -1,   1
737386,20181123,     6,  1,   4,    13, -1,   1
737386,20181123,    26,  1,   4,     7, -1,   2
737386,20181123,     8, -1,   5,     2,  1,   1
737386,20181123,    10,  1,   6,    21, -1,   4
737386,20181123,    25,  1,   6,    17, -1,   2
737386,20181123,    24,  1,   4,    28, -1,   0
737387,20181124,    30, -1,   5,    20,  1,   3
737387,20181124,     4, -1,   3,    11,  1,   2
737387,20181124,     7, -1,   5,    13,  1,   4
737387,20181124,     3, -1,   3,    16,  1,   2
737387,20181124,    19,  1,   4,     6, -1,   1
737387,20181124,    23,  1,   4,     9, -1,   2
737387,20181124,    31, -1,   8,    25,  1,   4
737387,20181124,    27,  1,   6,    22, -1,   0
737387,20181124,     8,  1,   3,    10, -1,   2
737387,20181124,    28, -1,   4,    14,  1,   2
737387,20181124,    29,  1,   6,    24, -1,   0
737388,20181125,     5, -1,   6,     2,  1,   1
737388,20181125,    26,  1,   5,    18, -1,   2
737388,20181125,    17,  1,   5,     1, -1,   2
737388,20181125,    14,  1,   5,    12, -1,   2
737389,20181126,    13,  1,   4,    18, -1,   3
737389,20181126,    30, -1,   4,    19,  1,   1
737389,20181126,    20,  1,   4,    21, -1,   2
737389,20181126,    27,  1,   4,     3, -1,   2
737389,20181126,     9, -1,   7,    11,  1,   5
737390,20181127,     4,  1,   3,    24, -1,   2
737390,20181127,    21, -1,   4,    22,  1,   3
737390,20181127,     6, -1,   2,    16,  1,   1
737390,20181127,     1, -1,   3,    26,  1,   1
737390,20181127,     2, -1,   4,    15,  1,   3
737390,20181127,     8, -1,   3,    17,  1,   2
737390,20181127,    23, -1,   4,    31,  1,   3
737390,20181127,    29, -1,   8,     7,  1,   3
737390,20181127,    12,  1,   1,    10, -1,   0
737390,20181127,    14, -1,   2,    28,  1,   1
737391,20181128,    11,  1,   4,    25, -1,   3
737391,20181128,     1, -1,   3,    13,  1,   2
737391,20181128,    27,  1,   5,    24, -1,   3
737391,20181128,    10, -1,   4,     5,  1,   3
737391,20181128,     8,  1,   6,    23, -1,   3
737392,20181129,     3,  1,   2,    19, -1,   1
737392,20181129,     9,  1,   4,    15, -1,   2
737392,20181129,    21,  1,   3,    20, -1,   0
737392,20181129,    26,  1,   5,     4, -1,   4
737392,20181129,     2, -1,   3,    17,  1,   0
737392,20181129,    31,  1,   6,     7, -1,   5
737392,20181129,    12,  1,   3,    14, -1,   2
737392,20181129,    29, -1,   4,    28,  1,   3
737393,20181130,    13,  1,   3,     4, -1,   2
737393,20181130,    30,  1,   6,    18, -1,   3
737393,20181130,     1, -1,   2,     6,  1,   1
737393,20181130,     5,  1,   4,    14, -1,   1
737393,20181130,    25, -1,   3,     8,  1,   2
737394,20181201,    21,  1,   6,    24, -1,   2
737394,20181201,    10, -1,   2,    28,  1,   1
737394,20181201,    11, -1,   4,     3,  1,   2
737394,20181201,    26, -1,   5,    13,  1,   4
737394,20181201,    27, -1,   5,    15,  1,   3
737394,20181201,    16,  1,   5,    20, -1,   2
737394,20181201,    31, -1,   4,    18,  1,   3
737394,20181201,    19,  1,   3,     9, -1,   2
737394,20181201,    22, -1,   4,    23,  1,   2
737394,20181201,     2,  1,   6,    25, -1,   1
737394,20181201,    17,  1,   5,     7, -1,   2
737394,20181201,    12,  1,   2,    29, -1,   1
737395,20181202,     1, -1,   6,    30,  1,   5
737395,20181202,    31, -1,   4,    20,  1,   3
737395,20181202,     5, -1,   3,     7,  1,   2
737395,20181202,     8, -1,   2,    11,  1,   0
737395,20181202,    24, -1,   3,    16,  1,   1
737395,20181202,    14,  1,   2,     6, -1,   0
737396,20181203,    26, -1,   5,    18,  1,   1
737396,20181203,    17,  1,   2,     4, -1,   1
737396,20181203,    10,  1,   4,    12, -1,   1
737397,20181204,    27, -1,   4,     4,  1,   3
737397,20181204,     5, -1,   9,     9,  1,   6
737397,20181204,    13,  1,   5,     3, -1,   0
737397,20181204,    31, -1,   3,    19,  1,   1
737397,20181204,    23,  1,   6,     8, -1,   3
737397,20181204,    26, -1,   6,    11,  1,   5
737397,20181204,    16,  1,   5,    21, -1,   2
737397,20181204,    15, -1,   3,    28,  1,   2
737397,20181204,    29,  1,   5,    30, -1,   3
737397,20181204,     2, -1,   2,    14,  1,   1
737398,20181205,    12, -1,   3,    25,  1,   2
737398,20181205,     1,  1,   4,     7, -1,   2
737398,20181205,    24,  1,   5,     6, -1,   1
737399,20181206,     8, -1,   5,    13,  1,   2
737399,20181206,     9, -1,   4,    22,  1,   3
737399,20181206,    23,  1,   6,    19, -1,   2
737399,20181206,    11, -1,   5,    27,  1,   4
737399,20181206,    16, -1,   5,    21,  1,   2
737399,20181206,    26,  1,   3,     3, -1,   2
737399,20181206,    30, -1,   4,     2,  1,   2
737399,20181206,     5,  1,   2,    15, -1,   0
737399,20181206,    28,  1,   5,    17, -1,   3
737399,20181206,    29,  1,   4,     7, -1,   3
737399,20181206,    18, -1,   6,    14,  1,   3
737400,20181207,    10,  1,   3,    24, -1,   2
737400,20181207,    25, -1,   1,    31,  1,   0
737400,20181207,    12,  1,   7,    15, -1,   2
737400,20181207,     6, -1,   4,     1,  1,   1
737401,20181208,    22, -1,   6,     4,  1,   2
737401,20181208,    14,  1,   5,    29, -1,   1
737401,20181208,     3,  1,   6,    27, -1,   3
737401,20181208,    30, -1,   4,     9,  1,   0
737401,20181208,    19, -1,   3,    11,  1,   2
737401,20181208,    20, -1,   5,    13,  1,   4
737401,20181208,    21,  1,   2,    23, -1,   1
737401,20181208,    26,  1,   7,     8, -1,   1
737401,20181208,    24, -1,   5,     2,  1,   3
737401,20181208,     5,  1,   5,    17, -1,   2
737402,20181209,    28, -1,   6,    25,  1,   1
737402,20181209,    31,  1,   7,    22, -1,   1
737402,20181209,     3, -1,   2,    21,  1,   1
737402,20181209,    16, -1,   3,     7,  1,   2
737402,20181209,     1,  1,   6,    18, -1,   5
737402,20181209,    12,  1,   1,     5, -1,   0
737402,20181209,    29,  1,   4,    10, -1,   2
737403,20181210,    23, -1,   2,    19,  1,   1
737403,20181210,    11,  1,   3,    14, -1,   1
737403,20181210,    26,  1,   6,    20, -1,   3
737403,20181210,    24,  1,   5,    18, -1,   2
737404,20181211,     3,  1,   4,     2, -1,   3
737404,20181211,     4,  1,   4,    14, -1,   3
737404,20181211,    27, -1,   4,     6,  1,   1
737404,20181211,    28, -1,   3,     9,  1,   2
737404,20181211,    30,  1,   6,    11, -1,   2
737404,20181211,    15,  1,   7,    16, -1,   1
737404,20181211,    17,  1,   3,    21, -1,   1
737404,20181211,    25,  1,   4,    13, -1,   3
737404,20181211,    31,  1,   6,     7, -1,   3
737404,20181211,    12, -1,   6,     8,  1,   4
737405,20181212,    29, -1,   3,    19,  1,   2
737405,20181212,     7,  1,   6,    23, -1,   3
737405,20181212,     5,  1,   6,    22, -1,   5
737405,20181212,     1,  1,   6,    10, -1,   3
737406,20181213,     4,  1,   3,     2, -1,   1
737406,20181213,     9,  1,   4,    14, -1,   1
737406,20181213,    16,  1,   6,     6, -1,   4
737406,20181213,    26,  1,   4,    27, -1,   1
737406,20181213,    15,  1,   5,    13, -1,   1
737406,20181213,    17,  1,   4,    28, -1,   3
737406,20181213,    31,  1,   5,    12, -1,   4
737406,20181213,    24,  1,   3,    10, -1,   2
737407,20181214,    18,  1,   5,    29, -1,   4
737407,20181214,     2, -1,   4,    20,  1,   3
737407,20181214,    23,  1,   5,     3, -1,   3
737407,20181214,    30, -1,   6,     6,  1,   5
737407,20181214,    21, -1,   4,    11,  1,   2
737407,20181214,    25,  1,   4,     8, -1,   3
737407,20181214,    31, -1,   4,     7,  1,   3
737407,20181214,    12,  1,   4,    22, -1,   1
737408,20181215,     5, -1,   2,    15,  1,   1
737408,20181215,     1, -1,   2,     9,  1,   1
737408,20181215,    13,  1,   4,    27, -1,   3
737408,20181215,    16,  1,   5,    21, -1,   2
737408,20181215,    19,  1,   4,    11, -1,   3
737408,20181215,    23,  1,   4,    14, -1,   3
737408,20181215,    30,  1,   4,     4, -1,   3
737408,20181215,    17,  1,   2,    18, -1,   1
737408,20181215,     8,  1,   6,    10, -1,   4
737408,20181215,    28,  1,   5,    22, -1,   1
737409,20181216,     6,  1,   3,     2, -1,   0
737409,20181216,    29, -1,   4,    20,  1,   3
737409,20181216,     5, -1,   7,    25,  1,   2
737409,20181216,     4, -1,   4,     3,  1,   2
737409,20181216,    24, -1,   7,     7,  1,   3
737409,20181216,    31,  1,   5,    26, -1,   4
737409,20181216,    28,  1,   4,    12, -1,   2
737410,20181217,     9,  1,   1,    29, -1,   0
737410,20181217,     1, -1,   4,    23,  1,   2
737410,20181217,     3, -1,   4,    16,  1,   0
737410,20181217,    21,  1,   4,    17, -1,   3
737410,20181217,    19, -1,   4,     8,  1,   1
737411,20181218,    13, -1,   5,     4,  1,   2
737411,20181218,    27, -1,   7,    18,  1,   2
737411,20181218,    20,  1,   3,     1, -1,   1
737411,20181218,    22,  1,   3,    11, -1,   2
737411,20181218,    24, -1,   4,    15,  1,   0
737411,20181218,     7,  1,   2,    17, -1,   1
737411,20181218,    10,  1,   2,     5, -1,   0
737411,20181218,    19, -1,   3,     2,  1,   1
737411,20181218,    25, -1,   4,    12,  1,   1
737411,20181218,    26, -1,   5,    28,  1,   2
737411,20181218,    14,  1,   4,    31, -1,   1
737412,20181219,    23, -1,   2,    30,  1,   1
737412,20181219,     8,  1,   2,    16, -1,   1
737413,20181220,     3,  1,   3,     1, -1,   1
737413,20181220,    11, -1,   4,     6,  1,   1
737413,20181220,     9,  1,   2,    18, -1,   1
737413,20181220,    22,  1,   2,    17, -1,   1
737413,20181220,    23,  1,   2,    15, -1,   1
737413,20181220,    27,  1,   6,    13, -1,   1
737413,20181220,     7, -1,   5,    10,  1,   2
737413,20181220,    16, -1,   2,     2,  1,   1
737413,20181220,    26, -1,   5,     5,  1,   4
737413,20181220,    28,  1,   5,    25, -1,   1
737413,20181220,    29,  1,   4,    19, -1,   2
737413,20181220,    31, -1,   5,    24,  1,   3
737414,20181221,    18,  1,   5,    21, -1,   2
737414,20181221,    30,  1,   2,     4, -1,   1
737414,20181221,     7, -1,   2,     8,  1,   1
737415,20181222,     3,  1,   5,    17, -1,   2
737415,20181222,     9, -1,   4,    22,  1,   3
737415,20181222,    13, -1,   2,    11,  1,   1
737415,20181222,    25, -1,   3,     5,  1,   1
737415,20181222,    14, -1,   3,    24,  1,   2
737415,20181222,    16, -1,   4,    29,  1,   3
737415,20181222,     2,  1,   6,     8, -1,   4
737415,20181222,     4,  1,   3,     1, -1,   0
737415,20181222,    23, -1,   3,     6,  1,   0
737415,20181222,    30, -1,   4,    21,  1,   0
737415,20181222,    27,  1,   5,    20, -1,   3
737415,20181222,    10, -1,   2,    15,  1,   1
737415,20181222,    26, -1,   6,    12,  1,   3
737415,20181222,    31, -1,   1,    28,  1,   0
737416,20181223,     9, -1,   3,    18,  1,   0
737416,20181223,     6,  1,   5,     3, -1,   3
737416,20181223,    13, -1,   6,     7,  1,   3
737416,20181223,    22, -1,   3,    20,  1,   2
737416,20181223,    27,  1,   5,    11, -1,   4
737416,20181223,    19, -1,   3,    10,  1,   1
737416,20181223,     2, -1,   4,    24,  1,   3
737416,20181223,    14, -1,   4,    29,  1,   3
737420,20181227,    18, -1,   5,     3,  1,   2
737420,20181227,     9, -1,   4,    20,  1,   3
737420,20181227,    23,  1,   5,    11, -1,   2
737420,20181227,    30,  1,   3,     6, -1,   1
737420,20181227,    26,  1,   6,    22, -1,   5
737420,20181227,    10, -1,   2,    17,  1,   0
737420,20181227,    25,  1,   4,     4, -1,   1
737420,20181227,     5, -1,   4,    31,  1,   1
737420,20181227,     7,  1,   5,    15, -1,   2
737420,20181227,    28, -1,   4,    12,  1,   2
737420,20181227,    29,  1,   2,     8, -1,   1
737420,20181227,    14,  1,   2,     2, -1,   1
737420,20181227,    24,  1,   4,     1, -1,   2
737421,20181228,    27, -1,   4,     9,  1,   2
737421,20181228,    16, -1,   5,    13,  1,   3
737421,20181228,    19,  1,   6,    21, -1,   3
737422,20181229,    18,  1,   2,     6, -1,   0
737422,20181229,    15, -1,   3,    31,  1,   1
737422,20181229,    24, -1,   7,    12,  1,   4
737422,20181229,    29, -1,   4,    14,  1,   1
737422,20181229,     3, -1,   3,     4,  1,   2
737422,20181229,    13,  1,   2,    22, -1,   1
737422,20181229,    30, -1,   3,    21,  1,   2
737422,20181229,    26,  1,   6,    16, -1,   5
737422,20181229,    19, -1,   4,    27,  1,   0
737422,20181229,    10,  1,   5,    11, -1,   1
737422,20181229,    20, -1,   4,    17,  1,   3
737422,20181229,    23, -1,   6,    25,  1,   1
737422,20181229,     7, -1,   3,     8,  1,   2
737422,20181229,     2, -1,   5,     1,  1,   4
737422,20181229,    28, -1,   3,     5,  1,   2
737423,20181230,    29, -1,   5,     2,  1,   1
737424,20181231,    17, -1,   6,    30,  1,   3
737424,20181231,    18,  1,   4,    28, -1,   0
737424,20181231,    19, -1,   3,     4,  1,   1
737424,20181231,     6,  1,   3,    22, -1,   1
737424,20181231,    23, -1,   3,    15,  1,   2
737424,20181231,     9,  1,   6,    21, -1,   3
737424,20181231,    20, -1,   2,    25,  1,   1
737424,20181231,    13, -1,   4,    11,  1,   3
737424,20181231,    14, -1,   3,     8,  1,   2
737424,20181231,    16, -1,   3,    10,  1,   2
737424,20181231,     5,  1,   8,    24, -1,   5
737424,20181231,    31, -1,   4,    12,  1,   3
737424,20181231,    26, -1,   2,     1,  1,   1
737425,20190101,     3,  0,   4,     7,  0,   2
737425,20190101,    17,  1,   4,    22, -1,   0
737425,20190101,    29,  1,   2,    14, -1,   0
737426,20190102,     5, -1,   5,    11,  1,   3
737426,20190102,    23, -1,   7,    20,  1,   2
737426,20190102,    28, -1,   4,    21,  1,   3
737426,20190102,    10,  1,   5,    18, -1,   4
737426,20190102,    12, -1,   3,     2,  1,   1
737426,20190102,    24, -1,   5,     8,  1,   4
737427,20190103,    15, -1,   4,    27,  1,   3
737427,20190103,     3,  1,   6,     5, -1,   4
737427,20190103,     4,  1,   4,    13, -1,   3
737427,20190103,    19,  1,   3,     7, -1,   2
737427,20190103,     6, -1,   5,    22,  1,   3
737427,20190103,    16,  1,   2,    28, -1,   0
737427,20190103,    25,  1,   5,    30, -1,   2
737427,20190103,    26, -1,   6,    14,  1,   2
737428,20190104,    23,  1,   4,    31, -1,   0
737428,20190104,     6,  1,   4,     9, -1,   2
737428,20190104,    11,  1,   4,    17, -1,   3
737428,20190104,    10,  1,   2,    30, -1,   1
737428,20190104,    18, -1,   3,     2,  1,   2
737428,20190104,     8,  1,   6,    20, -1,   1
737428,20190104,    29, -1,   3,     1,  1,   2
737429,20190105,     5, -1,   3,    22,  1,   2
737429,20190105,    15, -1,   4,    21,  1,   3
737429,20190105,     3,  1,   2,     4, -1,   1
737429,20190105,     9, -1,   4,    13,  1,   3
737429,20190105,    17, -1,   4,    16,  1,   1
737429,20190105,    27,  1,   5,    28, -1,   0
737429,20190105,    19, -1,   4,    25,  1,   3
737429,20190105,    14,  1,   4,    12, -1,   0
737429,20190105,    24,  1,   5,    26, -1,   2
737430,20190106,     6, -1,   5,    21,  1,   4
737430,20190106,     2,  1,   5,    20, -1,   0
737430,20190106,    29,  1,   3,    18, -1,   2
737430,20190106,    30, -1,   3,    11,  1,   2
737430,20190106,    31,  1,   5,    10, -1,   1
737430,20190106,    12, -1,   4,     1,  1,   0
737430,20190106,     7, -1,   5,    23,  1,   3
737431,20190107,    25, -1,   3,    22,  1,   0
737431,20190107,    17, -1,   4,    27,  1,   0
737431,20190107,    15, -1,   1,    16,  1,   0
737431,20190107,     5, -1,   4,     7,  1,   3
737431,20190107,    24,  1,   3,    14, -1,   1
737432,20190108,     3,  1,   4,    15, -1,   0
737432,20190108,     4,  1,   5,    18, -1,   1
737432,20190108,     6, -1,   4,    19,  1,   3
737432,20190108,    23,  1,   5,    13, -1,   1
737432,20190108,    30,  1,   5,    22, -1,   3
737432,20190108,    16, -1,   3,    11,  1,   2
737432,20190108,    26,  1,   4,     9, -1,   0
737432,20190108,    10, -1,   3,    25,  1,   1
737432,20190108,    31,  1,   7,     8, -1,   4
737432,20190108,    29,  1,   4,    20, -1,   2
737432,20190108,    24,  1,   7,    12, -1,   2
737433,20190109,    17, -1,   4,     7,  1,   3
737433,20190109,     5,  1,   5,     8, -1,   3
737433,20190109,    21, -1,   2,     1,  1,   1
737434,20190110,    30, -1,   4,     3,  1,   2
737434,20190110,     9,  1,   4,    17, -1,   3
737434,20190110,    27, -1,   4,    18,  1,   2
737434,20190110,    19, -1,   4,    20,  1,   3
737434,20190110,    22,  1,   2,    10, -1,   1
737434,20190110,    26,  1,   3,     6, -1,   1
737434,20190110,    15,  1,   3,    31, -1,   2
737434,20190110,    25,  1,   4,    16, -1,   1
737434,20190110,    12,  1,   4,    13, -1,   3
737434,20190110,     2, -1,   4,    28,  1,   3
737434,20190110,    24, -1,   3,    29,  1,   2
737434,20190110,    21, -1,   4,    14,  1,   1
737435,20190111,     6,  1,   4,     4, -1,   3
737435,20190111,    31,  1,   4,    11, -1,   2
737435,20190111,     5,  1,   4,    13, -1,   3
737435,20190111,    23, -1,   7,     1,  1,   4
737436,20190112,    18,  1,   3,    22, -1,   2
737436,20190112,    20, -1,   2,    19,  1,   1
737436,20190112,    26, -1,   5,     4,  1,   3
737436,20190112,    16,  1,   3,     8, -1,   0
737436,20190112,     3, -1,   3,    27,  1,   2
737436,20190112,     9, -1,   2,    30,  1,   1
737436,20190112,    11, -1,   5,    15,  1,   2
737436,20190112,    29, -1,   4,     7,  1,   3
737436,20190112,    25, -1,   3,    10,  1,   1
737436,20190112,     2, -1,   3,    12,  1,   2
737436,20190112,    24,  1,   4,    21, -1,   1
737436,20190112,    14,  1,   5,    23, -1,   2
737437,20190113,     6,  1,   6,    17, -1,   3
737437,20190113,     9,  1,   7,    20, -1,   5
737437,20190113,    31,  1,   4,     1, -1,   3
737437,20190113,    19,  1,   5,    26, -1,   1
737437,20190113,    28,  1,   5,    13, -1,   1
737437,20190113,     5,  1,   7,     2, -1,   1
737438,20190114,    16, -1,   3,     3,  1,   2
737438,20190114,    18,  1,   8,     7, -1,   5
737438,20190114,    22,  1,   7,    15, -1,   4
737438,20190114,     8, -1,   6,    27,  1,   3
737438,20190114,    25, -1,   4,    30,  1,   1
737438,20190114,    12,  1,   7,     4, -1,   2
737439,20190115,     9,  1,   4,    18, -1,   1
737439,20190115,    19,  1,   2,    25, -1,   1
737439,20190115,    20,  1,   6,     6, -1,   2
737439,20190115,    11,  1,   3,     1, -1,   1
737439,20190115,    16,  1,   5,    13, -1,   1
737439,20190115,    15,  1,   3,    14, -1,   2
737439,20190115,    17,  1,   7,    30, -1,   2
737439,20190115,    31,  1,   4,    29, -1,   1
737439,20190115,    26, -1,   2,    10,  1,   0
737439,20190115,    24,  1,   5,    23, -1,   2
737440,20190116,    21,  1,   5,     8, -1,   2
737440,20190116,    22,  1,   4,     3, -1,   3
737440,20190116,     4, -1,   4,     5,  1,   3
737440,20190116,     2,  1,   6,    24, -1,   3
737440,20190116,    12, -1,   3,    28,  1,   2
737441,20190117,     3,  1,   5,    25, -1,   2
737441,20190117,    19,  1,   4,    18, -1,   1
737441,20190117,    20,  1,   4,     7, -1,   3
737441,20190117,    27, -1,   4,    26,  1,   2
737441,20190117,     1, -1,   3,    15,  1,   0
737441,20190117,    31, -1,   5,    17,  1,   1
737441,20190117,    14, -1,   2,    10,  1,   1
737442,20190118,    16, -1,   4,     9,  1,   1
737442,20190118,    13,  1,   3,    27, -1,   1
737442,20190118,    21, -1,   4,     6,  1,   1
737442,20190118,    19, -1,   2,    30,  1,   0
737442,20190118,    23, -1,   3,     2,  1,   2
737442,20190118,     5,  1,   6,    11, -1,   4
737442,20190118,    28,  1,   4,     4, -1,   3
737443,20190119,     1, -1,   3,    18,  1,   2
737443,20190119,     8,  1,   7,    14, -1,   1
737443,20190119,    20, -1,   3,     3,  1,   2
737443,20190119,    10,  1,   4,    31, -1,   2
737443,20190119,    22, -1,   5,    16,  1,   2
737443,20190119,    25,  1,   3,    21, -1,   2
737443,20190119,    26,  1,   6,    24, -1,   3
737443,20190119,    13, -1,   4,    17,  1,   2
737443,20190119,    15,  1,   2,     9, -1,   1
737443,20190119,     5, -1,   5,    12,  1,   2
737443,20190119,    29,  1,   7,    23, -1,   3
737444,20190120,     7,  1,   8,    30, -1,   5
737444,20190120,    19,  1,   3,     1, -1,   0
737444,20190120,    28,  1,   3,    11, -1,   2
737444,20190120,     2, -1,   4,    27,  1,   2
737444,20190120,     6, -1,   7,    12,  1,   4
737445,20190121,    17, -1,   4,     8,  1,   1
737445,20190121,    14,  1,   4,    25, -1,   3
737445,20190121,    15, -1,   4,    29,  1,   2
737445,20190121,    13,  1,   6,    24, -1,   2
737446,20190122,    24, -1,   7,    30,  1,   6
737446,20190122,     2, -1,   3,    21,  1,   2
737446,20190122,     7,  1,   3,    19, -1,   2
737446,20190122,     5,  1,   3,     6, -1,   2
737446,20190122,    11, -1,   3,    12,  1,   2
737447,20190123,    16,  1,   2,     2, -1,   1
737447,20190123,    27,  1,   6,    30, -1,   3
737447,20190123,    15, -1,   5,     8,  1,   2
737447,20190123,    25, -1,   5,     1,  1,   1
737447,20190123,    17, -1,   2,    29,  1,   1
737447,20190123,     6, -1,   5,    28,  1,   2
737452,20190128,    22,  1,   3,    31, -1,   1
737452,20190128,    18, -1,   6,    23,  1,   3
737453,20190129,    31, -1,   4,     3,  1,   3
737453,20190129,     4, -1,   5,     9,  1,   4
737453,20190129,    22, -1,   1,    20,  1,   0
737454,20190130,    23,  1,   4,    26, -1,   2
737454,20190130,    10,  1,   1,     4, -1,   0
737455,20190131,    22, -1,   3,     3,  1,   2
737455,20190131,    20, -1,   4,    18,  1,   3
737455,20190131,    31,  1,   4,     9, -1,   3
737456,20190201,     7, -1,   7,     4,  1,   3
737456,20190201,    17, -1,   4,    13,  1,   1
737456,20190201,    26, -1,   1,    19,  1,   0
737456,20190201,    23,  1,   5,    21, -1,   3
737456,20190201,    30,  1,   4,     5, -1,   3
737456,20190201,     6,  1,   5,    29, -1,   2
737456,20190201,    11,  1,   3,    27, -1,   2
737456,20190201,    10,  1,   3,    15, -1,   1
737457,20190202,    22,  1,   5,    12, -1,   4
737457,20190202,    18, -1,   3,    16,  1,   2
737457,20190202,    25, -1,   4,     9,  1,   2
737457,20190202,    13,  1,   3,    29, -1,   1
737457,20190202,    19,  1,   4,    14, -1,   2
737457,20190202,    26, -1,   3,    20,  1,   2
737457,20190202,    11, -1,   2,    21,  1,   0
737457,20190202,    27,  1,   3,    23, -1,   2
737457,20190202,    31,  1,   9,     1, -1,   3
737457,20190202,     7, -1,   4,    15,  1,   3
737457,20190202,    10, -1,   3,    17,  1,   1
737457,20190202,    28, -1,   5,     8,  1,   1
737457,20190202,    24,  1,   3,     2, -1,   2
737458,20190203,     3, -1,   1,    30,  1,   0
737458,20190203,     5, -1,   4,     6,  1,   3
737458,20190203,    16,  1,   4,    12, -1,   3
737459,20190204,    14, -1,   4,    20,  1,   3
737459,20190204,    22,  1,   2,    28, -1,   1
737459,20190204,    27,  1,   6,     1, -1,   1
737459,20190204,    10,  1,   5,     2, -1,   4
737460,20190205,     3,  1,   3,    19, -1,   1
737460,20190205,     4,  1,   5,    15, -1,   4
737460,20190205,    25, -1,   3,    13,  1,   2
737460,20190205,    14, -1,   5,    18,  1,   1
737460,20190205,     6, -1,   4,    23,  1,   0
737460,20190205,    30,  1,   3,    28, -1,   2
737460,20190205,    16,  1,   4,     1, -1,   1
737460,20190205,    29, -1,   3,    26,  1,   2
737460,20190205,    17,  1,   5,     2, -1,   2
737460,20190205,    24, -1,   3,    31,  1,   2
737460,20190205,     9, -1,   6,     8,  1,   3
737460,20190205,     7, -1,   6,    12,  1,   2
737461,20190206,    27,  1,   5,    21, -1,   4
737461,20190206,    20,  1,   4,     3, -1,   3
737462,20190207,     6, -1,   6,     4,  1,   5
737462,20190207,    13,  1,   3,    23, -1,   2
737462,20190207,    19, -1,   2,    18,  1,   1
737462,20190207,    14, -1,   3,    22,  1,   2
737462,20190207,    30,  1,   4,     8, -1,   3
737462,20190207,    29, -1,   4,    11,  1,   3
737462,20190207,    16,  1,   5,    31, -1,   2
737462,20190207,    21,  1,   4,     1, -1,   0
737462,20190207,    25, -1,   1,    26,  1,   0
737462,20190207,    12, -1,   4,    15,  1,   1
737462,20190207,    17,  1,   3,    10, -1,   2
737462,20190207,     7,  1,   4,    28, -1,   3
737462,20190207,     9, -1,   4,     2,  1,   2
737462,20190207,    24, -1,   5,     5,  1,   2
737463,20190208,     6, -1,   3,    20,  1,   0
737464,20190209,     3,  1,   5,    14, -1,   4
737464,20190209,     4,  1,   3,    11, -1,   1
737464,20190209,    15, -1,   4,    18,  1,   2
737464,20190209,    19,  1,   4,     8, -1,   3
737464,20190209,    22,  1,   6,     1, -1,   2
737464,20190209,    21,  1,   5,    31, -1,   2
737464,20190209,    25,  1,   3,    17, -1,   2
737464,20190209,     2,  1,   3,    10, -1,   2
737464,20190209,    24, -1,   5,    12,  1,   2
737464,20190209,    27, -1,   4,    16,  1,   3
737464,20190209,    26,  1,   5,    23, -1,   4
737464,20190209,    13, -1,   5,    30,  1,   4
737464,20190209,    28,  1,   4,     5, -1,   3
737464,20190209,     9, -1,   4,    29,  1,   3
737465,20190210,     3,  1,   2,     8, -1,   1
737465,20190210,    31, -1,   3,     4,  1,   1
737465,20190210,     7,  1,   5,    11, -1,   2
737465,20190210,    18,  1,   3,     6, -1,   2
737465,20190210,    19,  1,   2,    15, -1,   1
737465,20190210,    26, -1,   5,    13,  1,   2
737465,20190210,    20,  1,   4,    27, -1,   1
737465,20190210,    25, -1,   5,    17,  1,   4
737466,20190211,    23, -1,   4,    22,  1,   1
737466,20190211,    30,  1,   6,    14, -1,   4
737466,20190211,    24, -1,   7,    28,  1,   2
737467,20190212,     3,  1,   6,     7, -1,   3
737467,20190212,     4,  1,   3,    19, -1,   1
737467,20190212,     9,  1,   3,    30, -1,   0
737467,20190212,    10, -1,   3,    13,  1,   0
737467,20190212,     6, -1,   4,    21,  1,   1
737467,20190212,    26,  1,   6,     5, -1,   3
737467,20190212,    22, -1,   5,    15,  1,   4
737467,20190212,    11, -1,   3,    17,  1,   2
737467,20190212,    25,  1,   8,    18, -1,   3
737467,20190212,    31,  1,   4,    20, -1,   3
737467,20190212,    27, -1,   5,     8,  1,   2
737467,20190212,     2, -1,   5,    29,  1,   2
737468,20190213,    23,  1,   3,    12, -1,   1
737468,20190213,     1,  1,   1,    28, -1,   0
737469,20190214,    19, -1,   3,     9,  1,   0
737469,20190214,    13,  1,   3,     5, -1,   2
737469,20190214,    11,  1,   3,    21, -1,   2
737469,20190214,    26,  1,   6,    10, -1,   0
737469,20190214,    17,  1,   3,    16, -1,   1
737469,20190214,     8, -1,   4,    31,  1,   1
737469,20190214,     7,  1,   5,    18, -1,   2
737469,20190214,    25, -1,   4,     2,  1,   0
737469,20190214,    27, -1,   6,    29,  1,   3
737469,20190214,    28, -1,   4,    14,  1,   3
737469,20190214,    30, -1,   5,    24,  1,   1
737470,20190215,    20, -1,   6,     4,  1,   2
737470,20190215,     6,  1,   3,    12, -1,   1
737470,20190215,    18, -1,   5,    15,  1,   4
737470,20190215,     3, -1,   3,     1,  1,   0
737471,20190216,    22,  1,   6,    11, -1,   5
737471,20190216,     5, -1,   5,    23,  1,   4
737471,20190216,    25, -1,   3,     8,  1,   0
737471,20190216,     2,  1,   2,    27, -1,   0
737471,20190216,    19,  1,   5,    12, -1,   2
737471,20190216,    26,  1,   3,    16, -1,   0
737471,20190216,    21, -1,   4,    31,  1,   3
737471,20190216,     6,  1,   3,    10, -1,   0
737471,20190216,     9, -1,   5,     7,  1,   2
737471,20190216,    24,  1,   3,    28, -1,   2
737471,20190216,    29,  1,   5,    17, -1,   1
737471,20190216,     3, -1,   4,    14,  1,   2
737472,20190217,    23,  1,   6,    20, -1,   5
737472,20190217,    25, -1,   4,    15,  1,   0
737472,20190217,    18,  1,   4,     4, -1,   1
737472,20190217,    13,  1,   6,    16, -1,   3
737472,20190217,     1,  1,   5,    30, -1,   2
737472,20190217,    22, -1,   3,    11,  1,   1
737473,20190218,     5,  1,   5,     2, -1,   2
737473,20190218,    26, -1,   5,     9,  1,   1
737473,20190218,     7,  1,   8,    21, -1,   7
737473,20190218,     8,  1,   3,    29, -1,   0
737473,20190218,    30, -1,   3,    14,  1,   2
737473,20190218,     3, -1,   6,    24,  1,   5
737474,20190219,    20, -1,   2,     6,  1,   1
737474,20190219,    13,  1,   4,     4, -1,   2
737474,20190219,    23, -1,   4,    18,  1,   3
737474,20190219,    26, -1,   5,    22,  1,   2
737474,20190219,    16,  1,   3,     9, -1,   2
737474,20190219,     1, -1,   4,    15,  1,   0
737474,20190219,    25,  1,   3,    27, -1,   2
737474,20190219,    17, -1,   5,    10,  1,   3
737474,20190219,     2, -1,   3,    12,  1,   2
737475,20190220,     7, -1,   5,    11,  1,   4
737475,20190220,     8,  1,   7,    31, -1,   1
737475,20190220,     5,  1,   4,    19, -1,   2
737475,20190220,     3, -1,   3,    29,  1,   2
737476,20190221,     6, -1,   4,    13,  1,   3
737476,20190221,    18,  1,   4,    21, -1,   0
737476,20190221,    15, -1,   4,    20,  1,   1
737476,20190221,    24, -1,   4,    23,  1,   0
737476,20190221,    30, -1,   3,    27,  1,   2
737476,20190221,    16,  1,   5,    22, -1,   1
737476,20190221,    26,  1,   2,     4, -1,   1
737476,20190221,    17,  1,   2,    14, -1,   1
737476,20190221,    10,  1,   5,    25, -1,   2
737476,20190221,    12,  1,   4,    19, -1,   3
737476,20190221,     2, -1,   3,    28,  1,   2
737477,20190222,     9, -1,   3,    21,  1,   0
737477,20190222,     8, -1,   5,     7,  1,   3
737477,20190222,    15, -1,   3,    11,  1,   2
737477,20190222,     5,  1,   2,     1, -1,   1
737477,20190222,    31, -1,   6,    29,  1,   3
737478,20190223,     4,  1,   5,    30, -1,   2
737478,20190223,    20,  1,   5,    18, -1,   2
737478,20190223,    25,  1,   2,     3, -1,   1
737478,20190223,     9,  1,   4,    24, -1,   0
737478,20190223,     6, -1,   3,    10,  1,   0
737478,20190223,    13,  1,   6,    14, -1,   1
737478,20190223,     8, -1,   5,    17,  1,   0
737478,20190223,    27,  1,   6,    16, -1,   3
737478,20190223,    22,  1,   4,    23, -1,   3
737478,20190223,    12,  1,   2,     1, -1,   1
737478,20190223,    19, -1,   4,    28,  1,   0
737479,20190224,    30,  1,   6,    20, -1,   5
737479,20190224,    10, -1,   4,     7,  1,   3
737479,20190224,    24, -1,   5,    11,  1,   3
737479,20190224,    15,  1,   2,    25, -1,   1
737479,20190224,     5, -1,   2,    21,  1,   1
737479,20190224,     2,  1,   4,    31, -1,   1
737480,20190225,    18,  1,   2,    16, -1,   1
737480,20190225,    27,  1,   5,     4, -1,   3
737480,20190225,    26,  1,   4,    14, -1,   3
737480,20190225,    17,  1,   3,    12, -1,   2
737480,20190225,    13, -1,   4,     8,  1,   3
737480,20190225,    28,  1,   4,     1, -1,   0
737481,20190226,     3,  1,   4,    24, -1,   1
737481,20190226,     6,  1,   6,    14, -1,   1
737481,20190226,    23, -1,   5,     9,  1,   2
737481,20190226,     5, -1,   3,    19,  1,   1
737481,20190226,    22,  1,   5,     4, -1,   2
737481,20190226,    30,  1,   7,    21, -1,   2
737481,20190226,    16, -1,   8,    11,  1,   1
737481,20190226,    25,  1,   2,    17, -1,   0
737481,20190226,    15, -1,   3,    31,  1,   2
737481,20190226,     2,  1,   4,    13, -1,   3
737481,20190226,    29,  1,   4,    10, -1,   1
737482,20190227,     5, -1,   2,    18,  1,   1
737482,20190227,    27,  1,   6,    12, -1,   2
737482,20190227,    26, -1,   4,    20,  1,   3
737482,20190227,     8,  1,   3,    28, -1,   2
737482,20190227,     7, -1,   4,     1,  1,   3
737483,20190228,     3,  1,   4,    26, -1,   1
737483,20190228,     9,  1,   4,    22, -1,   3
737483,20190228,    19,  1,   6,    27, -1,   1
737483,20190228,    12, -1,   4,    21,  1,   2
737483,20190228,     2,  1,   5,    28, -1,   2
737483,20190228,    29,  1,   6,    13, -1,   5
737483,20190228,    10, -1,   4,    14,  1,   3
737484,20190301,     4,  1,   4,    23, -1,   3
737484,20190301,    22, -1,   6,    18,  1,   3
737484,20190301,    30, -1,   3,    19,  1,   1
737484,20190301,    16, -1,   4,    20,  1,   2
737484,20190301,     6,  1,   5,    25, -1,   2
737484,20190301,    31,  1,   5,    17, -1,   3
737484,20190301,    29, -1,   3,     1,  1,   0
737484,20190301,    24,  1,   4,     8, -1,   3
737485,20190302,    12, -1,   4,     9,  1,   0
737485,20190302,    14,  1,   6,     7, -1,   3
737485,20190302,     3,  1,   1,    18, -1,   0
737485,20190302,     6, -1,   4,    13,  1,   3
737485,20190302,    23, -1,   5,    16,  1,   1
737485,20190302,    26,  1,   5,    21, -1,   1
737485,20190302,    27,  1,   5,     4, -1,   2
737485,20190302,     2,  1,   3,    11, -1,   1
737485,20190302,    10, -1,   4,    25,  1,   1
737485,20190302,    15, -1,   4,     5,  1,   2
737486,20190303,    30, -1,   3,    20,  1,   2
737486,20190303,    22, -1,   4,    19,  1,   1
737486,20190303,     1,  1,   2,     8, -1,   1
737486,20190303,    29,  1,   3,    28, -1,   0
737486,20190303,    21, -1,   3,    13,  1,   2
737486,20190303,    31, -1,   5,     9,  1,   2
737486,20190303,    17, -1,   3,    15,  1,   2
737486,20190303,    24,  1,   5,     7, -1,   2
737487,20190304,    12, -1,   4,     4,  1,   3
737487,20190304,    27, -1,   6,     5,  1,   2
737488,20190305,     3,  1,   4,     6, -1,   3
737488,20190305,     9, -1,   2,    18,  1,   1
737488,20190305,    19,  1,   5,    21, -1,   4
737488,20190305,    23,  1,   3,    13, -1,   2
737488,20190305,    26,  1,   5,    31, -1,   2
737488,20190305,    17,  1,   5,    15, -1,   4
737488,20190305,    10,  1,   1,    20, -1,   0
737488,20190305,     1, -1,   3,     2,  1,   1
737488,20190305,     8,  1,   4,    11, -1,   3
737488,20190305,    16, -1,   3,    14,  1,   1
737489,20190306,    30, -1,   5,    22,  1,   3
737489,20190306,    28,  1,   3,    27, -1,   2
737489,20190306,    25, -1,   5,     1,  1,   4
737489,20190306,    29,  1,   2,     5, -1,   1
737490,20190307,     3,  1,   4,    13, -1,   3
737490,20190307,    23,  1,   3,     9, -1,   0
737490,20190307,    11,  1,   3,    20, -1,   2
737490,20190307,    19, -1,   4,    21,  1,   2
737490,20190307,    15, -1,   3,    26,  1,   0
737490,20190307,     7,  1,   5,     4, -1,   4
737490,20190307,    10,  1,   4,     8, -1,   0
737490,20190307,     2,  1,   2,     5, -1,   0
737490,20190307,    12,  1,   3,    28, -1,   2
737490,20190307,    25, -1,   4,    14,  1,   0
737490,20190307,    24,  1,   5,    16, -1,   2
737491,20190308,    13,  1,   6,    15, -1,   2
737491,20190308,    30,  1,   3,    18, -1,   0
737491,20190308,    31, -1,   8,     6,  1,   1
737491,20190308,     1,  1,   8,    16, -1,   2
737492,20190309,     8,  1,   3,     4, -1,   0
737492,20190309,    24,  1,   3,    25, -1,   2
737492,20190309,     3,  1,   3,    21, -1,   2
737492,20190309,     9,  1,   4,    23, -1,   1
737492,20190309,    27, -1,   3,    12,  1,   2
737492,20190309,    22, -1,   5,    19,  1,   2
737492,20190309,    20,  1,   4,    18, -1,   2
737492,20190309,    26,  1,   3,    11, -1,   2
737492,20190309,     2,  1,   4,    14, -1,   2
737492,20190309,     7, -1,   2,    10,  1,   1
737492,20190309,     6, -1,   5,    17,  1,   3
737492,20190309,    29, -1,   6,    28,  1,   2
737493,20190310,    13,  1,   6,    11, -1,   1
737493,20190310,    30,  1,   3,    31, -1,   1
737493,20190310,    23,  1,   4,     3, -1,   2
737493,20190310,     5,  1,   6,    29, -1,   3
737493,20190310,    14, -1,   3,     1,  1,   2
737494,20190311,    19,  1,   2,     9, -1,   0
737494,20190311,    22,  1,   3,    21, -1,   2
737494,20190311,    26, -1,   6,    27,  1,   2
737494,20190311,    24, -1,   3,    15,  1,   0
737494,20190311,     7,  1,   7,     2, -1,   1
737494,20190311,     6, -1,   3,     8,  1,   0
737494,20190311,    12,  1,   3,    20, -1,   2
737495,20190312,    10, -1,   2,     4,  1,   0
737495,20190312,     9,  1,   7,     3, -1,   4
737495,20190312,    23,  1,   5,    30, -1,   3
737495,20190312,    16,  1,   3,    11, -1,   1
737495,20190312,     2, -1,   3,    25,  1,   1
737495,20190312,    24, -1,   5,    31,  1,   4
737495,20190312,     5,  1,   9,    18, -1,   4
737495,20190312,     1,  1,   3,    17, -1,   2
737496,20190313,     7, -1,   5,    27,  1,   4
737496,20190313,    18, -1,   6,    12,  1,   3
737496,20190313,    28,  1,   4,    20, -1,   1
737497,20190314,    23, -1,   5,     4,  1,   0
737497,20190314,    19,  1,   2,    16, -1,   1
737497,20190314,    30, -1,   5,    22,  1,   2
737497,20190314,    26, -1,   5,    11,  1,   4
737497,20190314,    21,  1,   2,    25, -1,   0
737497,20190314,    10, -1,   4,    15,  1,   1
737497,20190314,    31,  1,   4,     3, -1,   3
737497,20190314,     2,  1,   6,     1, -1,   1
737497,20190314,    17, -1,   3,    14,  1,   1
737497,20190314,    13, -1,   4,    24,  1,   2
737498,20190315,     9,  1,   3,     6, -1,   0
737498,20190315,    27,  1,   7,    22, -1,   6
737498,20190315,    29, -1,   2,    10,  1,   1
737498,20190315,     5,  1,   5,    20, -1,   1
737498,20190315,     1, -1,   5,     8,  1,   3
737498,20190315,    18, -1,   3,    28,  1,   2
737499,20190316,    25, -1,   5,    23,  1,   1
737499,20190316,    11,  1,   2,    19, -1,   1
737499,20190316,    13, -1,   4,    14,  1,   3
737499,20190316,     3,  1,   2,     9, -1,   1
737499,20190316,     6,  1,   4,     4, -1,   2
737499,20190316,     7, -1,   2,    16,  1,   0
737499,20190316,    21,  1,   6,    27, -1,   2
737499,20190316,    26,  1,   6,    30, -1,   3
737499,20190316,    31,  1,   2,     5, -1,   1
737499,20190316,    15,  1,   5,    20, -1,   2
737499,20190316,    12, -1,   3,     2,  1,   2
737499,20190316,    17, -1,   4,    24,  1,   2
737500,20190317,     8,  1,   3,    18, -1,   0
737500,20190317,     4,  1,   4,    25, -1,   3
737500,20190317,    19, -1,   3,    15,  1,   2
737500,20190317,    28, -1,   3,    10,  1,   2
737500,20190317,    22, -1,   2,    23,  1,   1
737500,20190317,     1,  1,   3,    13, -1,   2
737500,20190317,    29,  1,   6,    12, -1,   3
737501,20190318,    26,  1,   4,     2, -1,   1
737501,20190318,    28, -1,   3,     7,  1,   2
737501,20190318,    31, -1,   3,    14,  1,   2
737501,20190318,    29, -1,   7,    24,  1,   3
737502,20190319,     6,  1,   3,    23, -1,   2
737502,20190319,    30, -1,   4,    18,  1,   1
737502,20190319,     3, -1,   5,    19,  1,   0
737502,20190319,    11, -1,   3,    20,  1,   2
737502,20190319,    16, -1,   3,    22,  1,   1
737502,20190319,     8, -1,   3,    15,  1,   1
737502,20190319,    17,  1,   3,    27, -1,   0
737502,20190319,    25,  1,   7,    12, -1,   2
737502,20190319,    10,  1,   4,    13, -1,   2
737502,20190319,     5,  1,   4,     9, -1,   2
737503,20190320,    27, -1,   4,     4,  1,   2
737503,20190320,    26, -1,   5,    30,  1,   4
737503,20190320,    31, -1,   3,     1,  1,   0
737503,20190320,    28,  1,   7,    21, -1,   4
737504,20190321,    26, -1,   6,     6,  1,   3
737504,20190321,    13,  1,   4,     2, -1,   2
737504,20190321,     3, -1,   5,    18,  1,   1
737504,20190321,    16,  1,   4,    19, -1,   0
737504,20190321,    23, -1,   2,    17,  1,   1
737504,20190321,    25,  1,   5,    11, -1,   2
737504,20190321,    22, -1,   3,     7,  1,   1
737504,20190321,     8, -1,   3,    10,  1,   1
737504,20190321,     5,  1,   5,    21, -1,   1
737504,20190321,    12,  1,   4,     9, -1,   1
737504,20190321,    29,  1,   5,    31, -1,   0
737504,20190321,    14,  1,   4,    24, -1,   2
737505,20190322,    15, -1,   2,    30,  1,   1
737505,20190322,     1,  1,   4,    24, -1,   3
737506,20190323,    18,  1,   2,     2, -1,   1
737506,20190323,    19, -1,   4,    22,  1,   2
737506,20190323,     8,  1,   4,     7, -1,   2
737506,20190323,    21, -1,   4,    12,  1,   3
737506,20190323,     6,  1,   5,    15, -1,   1
737506,20190323,     3, -1,   7,    13,  1,   3
737506,20190323,    16,  1,   7,     4, -1,   4
737506,20190323,    20, -1,   2,    27,  1,   1
737506,20190323,    31,  1,   5,    17, -1,   0
737506,20190323,    23, -1,   3,    10,  1,   2
737506,20190323,    25,  1,   4,    26, -1,   3
737506,20190323,     5, -1,   3,    28,  1,   1
737506,20190323,    11, -1,   3,    29,  1,   2
737506,20190323,    14,  1,   4,     1, -1,   3
737507,20190324,    30,  1,   3,    22, -1,   1
737507,20190324,    19,  1,   2,     2, -1,   0
737507,20190324,     6,  1,   2,    16, -1,   1
737507,20190324,     9, -1,   5,    28,  1,   0
737507,20190324,     7,  1,   2,     8, -1,   1
737508,20190325,    18,  1,   3,     4, -1,   1
737508,20190325,    23, -1,   5,    20,  1,   2
737508,20190325,    27,  1,   7,    13, -1,   5
737508,20190325,    26,  1,   5,     3, -1,   4
737508,20190325,    17, -1,   1,    15,  1,   0
737508,20190325,    25,  1,   3,    29, -1,   1
737508,20190325,    10, -1,   5,    31,  1,   2
737508,20190325,    14, -1,   3,     5,  1,   0
737508,20190325,    11, -1,   3,    24,  1,   2
737509,20190326,     9,  1,   4,    19, -1,   0
737509,20190326,    30,  1,   4,     6, -1,   1
737509,20190326,    16,  1,   6,    13, -1,   1
737509,20190326,    21,  1,   4,     4, -1,   0
737509,20190326,    12,  1,   8,    14, -1,   4
737509,20190326,     2,  1,   1,     7, -1,   0
737509,20190326,     1, -1,   5,    28,  1,   4
737510,20190327,    22,  1,   5,    27, -1,   4
737510,20190327,     3,  1,   6,    20, -1,   3
737510,20190327,    10, -1,   2,     5,  1,   1
737510,20190327,     8,  1,   4,    29, -1,   3
737511,20190328,    11, -1,   5,     4,  1,   4
737511,20190328,    30, -1,   3,     6,  1,   2
737511,20190328,     9,  1,   6,    16, -1,   2
737511,20190328,    13, -1,   5,    21,  1,   2
737511,20190328,    19, -1,   5,    31,  1,   4
737511,20190328,    10, -1,   3,    12,  1,   2
737511,20190328,    28,  1,   3,    14, -1,   2
737511,20190328,     7, -1,   5,    24,  1,   4
737512,20190329,    20,  1,   4,    25, -1,   2
737512,20190329,    17, -1,   3,    23,  1,   1
737512,20190329,    11,  1,   4,    18, -1,   0
737512,20190329,     5,  1,   6,     1, -1,   1
737512,20190329,     8,  1,   3,     2, -1,   2
737512,20190329,    15, -1,   3,    29,  1,   2
737513,20190330,     6,  1,   5,    22, -1,   2
737513,20190330,    13, -1,   4,     3,  1,   1
737513,20190330,    25, -1,   3,    18,  1,   2
737513,20190330,    19,  1,   5,     4, -1,   1
737513,20190330,    21,  1,   4,    27, -1,   2
737513,20190330,    30, -1,   6,    26,  1,   3
737513,20190330,    16, -1,   3,    31,  1,   1
737513,20190330,     9, -1,   5,    17,  1,   2
737513,20190330,    24,  1,   4,    29, -1,   3
737513,20190330,     1, -1,   5,    12,  1,   1
737513,20190330,    28,  1,   3,    10, -1,   2
737513,20190330,    14,  1,   3,     7, -1,   2
737514,20190331,    20, -1,   3,    22,  1,   0
737514,20190331,     2,  1,   4,    15, -1,   0
737514,20190331,    23,  1,   3,     6, -1,   1
737514,20190331,     9, -1,   4,     4,  1,   0
737514,20190331,    11,  1,   6,     3, -1,   3
737514,20190331,     5, -1,   5,    24,  1,   3
737515,20190401,    13,  1,   5,    30, -1,   3
737515,20190401,    18,  1,   4,    20, -1,   2
737515,20190401,    27, -1,   2,    19,  1,   1
737515,20190401,    26, -1,   5,    21,  1,   2
737515,20190401,    25,  1,   3,     8, -1,   2
737515,20190401,    31, -1,   4,     7,  1,   3
737515,20190401,     5, -1,   7,    14,  1,   2
737515,20190401,    29,  1,   3,    12, -1,   1
737516,20190402,    17, -1,   3,     4,  1,   2
737516,20190402,     3, -1,   6,     9,  1,   2
737516,20190402,    11,  1,   4,    23, -1,   1
737516,20190402,    16,  1,   4,    26, -1,   2
737516,20190402,     6, -1,   4,    27,  1,   1
737516,20190402,    15,  1,   5,    31, -1,   1
737516,20190402,    10,  1,   6,    22, -1,   2
737516,20190402,     8,  1,   6,    12, -1,   2
737516,20190402,    14, -1,   3,     2,  1,   1
737516,20190402,    28,  1,   4,    24, -1,   2
737517,20190403,    21, -1,   4,    20,  1,   1
737517,20190403,     7,  1,   4,    25, -1,   3
737517,20190403,     1,  1,   3,     5, -1,   1
737518,20190404,     4,  1,   5,    21, -1,   2
737518,20190404,     6,  1,   3,    18, -1,   1
737518,20190404,    19, -1,   2,    13,  1,   1
737518,20190404,    23,  1,   4,    11, -1,   1
737518,20190404,    26, -1,   3,    27,  1,   1
737518,20190404,    30,  1,   2,    16, -1,   1
737518,20190404,     3, -1,   3,    15,  1,   0
737518,20190404,    17,  1,   3,    28, -1,   2
737518,20190404,    25,  1,   7,    22, -1,   3
737518,20190404,     8,  1,   3,    31, -1,   2
737518,20190404,    24, -1,   3,    12,  1,   2
737518,20190404,     2, -1,   4,    29,  1,   1
737519,20190405,     9, -1,   3,    20,  1,   2
737519,20190405,     7,  1,   6,    10, -1,   1
737519,20190405,     1,  1,   5,    14, -1,   2
737520,20190406,    26, -1,   6,     3,  1,   3
737520,20190406,    25,  1,   3,    28, -1,   2
737520,20190406,     4, -1,   7,    11,  1,   1
737520,20190406,    18, -1,   4,    13,  1,   3
737520,20190406,    16,  1,   6,    27, -1,   5
737520,20190406,     9, -1,   6,    21,  1,   2
737520,20190406,     6, -1,   4,    22,  1,   3
737520,20190406,    20, -1,   4,    23,  1,   3
737520,20190406,    19, -1,   3,    30,  1,   0
737520,20190406,    10,  1,   3,    15, -1,   0
737520,20190406,    17,  1,   5,     7, -1,   2
737520,20190406,    31, -1,   4,     2,  1,   2
737520,20190406,    12, -1,   3,     5,  1,   1
737520,20190406,    14,  1,   5,    29, -1,   2
737520,20190406,    24,  1,   5,     8, -1,   2
737524,20190410,     9, -1,   4,    26,  1,   3
737524,20190410,    19,  1,   4,    23, -1,   3
737524,20190410,    25, -1,   2,    31,  1,   1
737524,20190410,    10, -1,   3,    17,  1,   2
737524,20190410,    24,  1,   5,    29, -1,   2
737525,20190411,    27, -1,   4,     3,  1,   1
737525,20190411,    30,  1,   4,     6, -1,   2
737525,20190411,     5,  1,   4,     8, -1,   0
737526,20190412,     9, -1,   5,    26,  1,   1
737526,20190412,    19,  1,   3,    23, -1,   1
737526,20190412,    25, -1,   4,    31,  1,   3
737526,20190412,    29, -1,   5,    24,  1,   3
737527,20190413,    30,  1,   4,     6, -1,   3
737527,20190413,    17,  1,   2,    10, -1,   1
737527,20190413,     3,  1,   4,    27, -1,   1
737527,20190413,     8, -1,   3,     5,  1,   2
737528,20190414,    19, -1,   4,    23,  1,   1
737528,20190414,     9,  1,   3,    26, -1,   1
737528,20190414,    31, -1,   6,    25,  1,   3
737528,20190414,    29,  1,   6,    24, -1,   3
737529,20190415,     6,  1,   5,    30, -1,   0
737529,20190415,    27,  1,   3,     3, -1,   2
737529,20190415,    17, -1,   3,    10,  1,   2
737529,20190415,     8,  1,   6,     5, -1,   2
737530,20190416,     9,  1,   7,    26, -1,   3
737530,20190416,    19, -1,   3,    23,  1,   1
737530,20190416,    31, -1,   2,    25,  1,   1
737530,20190416,    29,  1,   5,    24, -1,   0
737531,20190417,     3, -1,   6,    27,  1,   4
737531,20190417,    10,  1,   5,    17, -1,   1
737531,20190417,     8,  1,   3,     5, -1,   2
737532,20190418,     6,  1,   2,    30, -1,   1
737532,20190418,    25, -1,   3,    31,  1,   2
737532,20190418,    24,  1,   5,    29, -1,   2
737533,20190419,    27, -1,   2,     3,  1,   1
737533,20190419,     8, -1,   5,     5,  1,   1
737534,20190420,    10, -1,   5,    17,  1,   3
737534,20190420,    25,  1,   3,    31, -1,   2
737534,20190420,    30,  1,   6,     6, -1,   0
737535,20190421,     3, -1,   4,    27,  1,   2
737535,20190421,    24, -1,   2,    29,  1,   1
737536,20190422,     6,  1,   5,    30, -1,   2
737536,20190422,    10,  1,   2,    17, -1,   1
737537,20190423,     3,  1,   5,    27, -1,   1
737537,20190423,    24,  1,   5,    29, -1,   4
737538,20190424,     6, -1,   4,    30,  1,   3
737539,20190425,     3,  1,   3,     9, -1,   2
737539,20190425,    25,  1,   3,    10, -1,   2
737540,20190426,     6, -1,   1,    19,  1,   0
737540,20190426,    24,  1,   5,     8, -1,   2
737541,20190427,    10, -1,   4,    25,  1,   2
737541,20190427,     9, -1,   3,     3,  1,   2
737542,20190428,     6, -1,   2,    19,  1,   1
737542,20190428,     8, -1,   4,    24,  1,   3
737543,20190429,    25, -1,   4,    10,  1,   3
737544,20190430,     9,  1,   2,     3, -1,   1
737544,20190430,    24, -1,   4,     8,  1,   2
737545,20190501,     6,  1,   5,    19, -1,   2
737545,20190501,    10,  1,   4,    25, -1,   2
737546,20190502,     3, -1,   4,     9,  1,   1
737546,20190502,     8,  1,   3,    24, -1,   0
737547,20190503,     6,  1,   5,    19, -1,   2
737547,20190503,    10, -1,   2,    25,  1,   1
737548,20190504,     3,  1,   4,     9, -1,   3
737548,20190504,    24,  1,   2,     8, -1,   1
737549,20190505,    25, -1,   4,    10,  1,   1
737550,20190506,     3, -1,   3,     9,  1,   0
737550,20190506,     8,  1,   4,    24, -1,   3
737551,20190507,    25,  1,   2,    10, -1,   1
737552,20190508,    24,  1,   3,     8, -1,   2
737553,20190509,     3,  1,   5,     6, -1,   2
737555,20190511,    24,  1,   6,    25, -1,   3
737556,20190512,     3,  1,   6,     6, -1,   2
737557,20190513,    25, -1,   4,    24,  1,   2
737558,20190514,     3, -1,   2,     6,  1,   1
737559,20190515,    24, -1,   5,    25,  1,   4
737560,20190516,     3, -1,   4,     6,  1,   0
737561,20190517,    25,  1,   2,    24, -1,   1
737563,20190519,    25, -1,   5,    24,  1,   0
737565,20190521,    25,  1,   5,    24, -1,   1
737571,20190527,     3,  1,   4,    25, -1,   2
737573,20190529,    25, -1,   3,     3,  1,   2
737576,20190601,     3, -1,   7,    25,  1,   2
737578,20190603,    25,  1,   4,     3, -1,   2
737581,20190606,    25, -1,   2,     3,  1,   1
737584,20190609,     3, -1,   5,    25,  1,   1
737587,20190612,    25, -1,   4,     3,  1,   1
